{
  "commandTime": {
    "epochSecond": 1529684086,
    "nano": 857000000
  },
  "processedTime": {
    "epochSecond": 1529684086,
    "nano": 857000000
  },
  "transactTime": {
    "epochSecond": 1529684086,
    "nano": 857000000
  },
  "tradableInstrumentId": {
    "sourceSystem": "FenicsGO",
    "tradingSystemId": 1.0,
    "symbol": "MSFT",
    "symbolType": "SHORT_NAME",
    "venueType": "RFQ",
    "regulatoryRegime": "NONE",
    "executionStyle": "ELECTRONIC",
    "isBlock": false
  },
  "RFQReqId": "1111",
  "side": "buy",
  "orderQty": 800.0,
  "quoteReqId": "6789",
  "origination": "UI",
  "expiryTime": {
    "epochSecond": 1529734086,
    "nano": 857000000
  },
  "quoteDisplayTimeResponders": {
    "epochSecond": 1529694086,
    "nano": 857000000
  },
  "quoteDisplayTimeRequestors": {
    "epochSecond": 1529694086,
    "nano": 857000000
  },
  "roles": [
    {
      "roleName": "Trader",
      "roleValueType": "EIS_LeId",
      "roleValueSource": "CM",
      "roleValue": "LEI001221"
    },
    {
      "roleName": "Trader",
      "roleValueType": "UserId",
      "roleValueSource": "CM",
      "roleValue": "1"
    },
    {
      "roleName": "OriginatingTrader",
      "roleValueType": "EIS_LeId",
      "roleValueSource": "CM",
      "roleValue": "LEI001221"
    },
    {
      "roleName": "OriginatingTrader",
      "roleValueType": "UserId",
      "roleValueSource": "CM",
      "roleValue": "1"
    },
    {
      "roleName": "BenefittingTrader",
      "roleValueType": "EIS_LeId",
      "roleValueSource": "CM",
      "roleValue": "LEI001221"
    },
    {
      "roleName": "BenefittingTrader",
      "roleValueType": "UserId",
      "roleValueSource": "CM",
      "roleValue": "1"
    }
  ]
}