{
  "commandTime": {
    "epochSecond": 1529684086,
    "nano": 857000000
  },
  "processedTime": {
    "epochSecond": 1529684086,
    "nano": 857000000
  },
  "tradableInstrumentId": {
    "sourceSystem": "FenicsGO",
    "tradingSystemId": 1.0,
    "symbol": "MSFT",
    "symbolType": "SHORT_NAME",
    "venueType": "RFQ",
    "regulatoryRegime": "NONE",
    "executionStyle": "ELECTRONIC",
    "isBlock": false
  },
  "quoteReqId": "5000",
  "origination": "UI",
  "currentStatus": "Start"
}