{
  "tradableInstrumentId": {
    "sourceSystem": "FenicsGO",
    "tradingSystemId": 263,
    "symbol": "SX5E ROLL JUN18 SEP18",
    "symbolType": "SHORT_NAME",
    "venueType": "ANY",
    "regulatoryRegime": "NONE",
    "executionStyle": "ELECTRONIC"
  },
  "instrumentType": "modelled",
  "screenLabel": "SX5E JUN18 SEP18 Roll",
  "instrumentCurrency": "EUR",
  "instrumentLites": [
    {
      "instrumentLiteId": 0,
      "instrumentIdentificationCode": "            ",
      "instrumentFullName": "SX5E ROLL JUN18 SEP18",
      "instrumentLiteIdVersion": 1,
      "CFICode": "KEXXXX",
      "instrumentClassification": {},
      "commoditiesEmissionsAllowanceDerivativeIndicator": false,
      "liquidityMeasures": {},
      "multiLegStructure": [
        {
          "multiLegBuyerIs": "Buying"
        },
        {
          "multiLegBuyerIs": "Selling"
        }
      ]
    },
    {
      "instrumentLiteId": 1,
      "instrumentIdentificationCode": "            ",
      "instrumentFullName": "SX5E JUN18",
      "instrumentShortName": "STXEM8",
      "instrumentLiteIdVersion": 1,
      "CFICode": "FFICSX",
      "instrumentClassification": {},
      "commoditiesEmissionsAllowanceDerivativeIndicator": false,
      "liquidityMeasures": {},
      "instrumentDetail": {
        "derivatives": {
          "expiryDate": "2018-06-01T00:00:00Z",
          "deliveryType": "CASH"
        }
      }
    },
    {
      "instrumentLiteId": 2,
      "instrumentIdentificationCode": "            ",
      "instrumentFullName": "SX5E SEP18",
      "instrumentShortName": "STXEU8",
      "instrumentLiteIdVersion": 1,
      "CFICode": "FFICSX",
      "instrumentClassification": {},
      "commoditiesEmissionsAllowanceDerivativeIndicator": false,
      "liquidityMeasures": {},
      "instrumentDetail": {
        "derivatives": {
          "expiryDate": "2018-09-01T00:00:00Z",
          "deliveryType": "CASH"
        }
      }
    }
  ],
  "middleOfficeProperties": {
    "strategy": "Roll",
    "strategyCode": "ROLL",
    "middleOfficeDestinationRouting": {
      "middleOfficeDestination": "NuMO",
      "businessId": 263
    },
    "middleOfficeInstrumentLiteDetails": [
      {
      },
      {
        "legRatio": 1,
        "futureProperties": {
          "expiryCode": "JUN18",
          "underlyingCode": "SX5E",
          "market": "EURO STOXX"
        }
      },
      {
        "legRatio": 1,
        "futureProperties": {
          "expiryCode": "SEP18",
          "underlyingCode": "SX5E",
          "market": "EURO STOXX"
        }
      }
    ]
  },
  "tradingVenueMIC": "XXXX"
}