{
  "tradableInstrumentId": {
      "sourceSystem": "FenicsGO",
      "tradingSystemId": 163,
      "symbol" : "SX5E CS DEC18 150/175 50%",
      "symbolType" : "SHORT_NAME",
      "venueType" : "ANY",
      "regulatoryRegime" : "NONE",
      "executionStyle" : "ELECTRONIC"
  },

  "instrumentType" : "modelled",

  "screenLabel": "SX5E DEC18 150/175 Call Spread 50% Delta",
  
  "instrumentCurrency": "EUR",

  "instrumentLites": [
    {
      "instrumentLiteId": 0,
      "instrumentIdentificationCode": "            ",
      "instrumentFullName": "SX5E CS DEC18 150/175",
      "instrumentLiteIdVersion": 1,
      "CFICode": "KEXXXX",
      "instrumentClassification": {},
      "commoditiesEmissionsAllowanceDerivativeIndicator": false,
      "liquidityMeasures": {},

      "multiLegStructure": [
        {"multiLegBuyerIs": "Buying"},
        {"multiLegBuyerIs": "Selling"},
        {"multiLegBuyerIs": "Buying"}
      ]
    },
    {
      "instrumentLiteId": 0,
      "instrumentIdentificationCode": "            ",
      "instrumentFullName": "SX5E CALL DEC18 150",
      "instrumentLiteIdVersion": 1,
      "CFICode": "OCEICS",
      "instrumentClassification": {},
      "commoditiesEmissionsAllowanceDerivativeIndicator": false,
      "liquidityMeasures": {},

      "instrumentDetail": {
        "derivatives": {
          "expiryDate": "2018-12-20T00:00:00+00:00",
          "underlyingInformation": [
            {"underlyingInstrumentCode": "STXEM8"}
          ],
          "optionType": "CALL",
          "strikePrice": "150",
          "optionExerciseStyle": "EURO",
          "deliveryType": "CASH"
        }
      }
    },
    {
      "instrumentLiteId": 0,
      "instrumentIdentificationCode": "            ",
      "instrumentFullName": "SX5E CALL DEC18 175",
      "instrumentLiteIdVersion": 1,
      "CFICode": "OCEICS",
      "instrumentClassification": {},
      "commoditiesEmissionsAllowanceDerivativeIndicator": false,
      "liquidityMeasures": {},
      "instrumentDetail": {
        "derivatives": {
          "expiryDate": "2018-12-20T00:00:00+00:00",
          "underlyingInformation": [
            {
              "underlyingInstrumentCode": "STXEM8"
            }
          ],
          "optionType": "CALL",
          "strikePrice": "175",
          "optionExerciseStyle": "EURO",
          "deliveryType": "CASH"
        }
      }
    },
    {
      "instrumentLiteId": 0,
      "instrumentIdentificationCode": "            ",
      "instrumentFullName": "STXEM8",
      "instrumentLiteIdVersion": 1,
      "CFICode": "FFICSX",
      "instrumentClassification": {},
      "commoditiesEmissionsAllowanceDerivativeIndicator": false,
      "liquidityMeasures": {},
      "instrumentDetail": {
        "derivatives": {
          "expiryDate": "2018-12-20T00:00:00+00:00",
          "underlyingInformation": [
            {
              "underlyingInstrumentCode": "STXEM8"
            }
          ],
          "deliveryType": "CASH"
        }
      }
    }
  ],
  
  "middleOfficeProperties": {
    "strategy": "Call Spread",
    "strategyCode": "CS",
    "middleOfficeDestinationRouting": {
      "destination": "NuMO",
      "businessId": 163
    },
    "middleOfficeInstrumentLiteDetails": [
      {
        "optionProperties": {
          "delta": 20,
        }
      },
      {
        "legRatio": 1,
        "optionProperties": {
          "refPrice": 160,
          "expiryCode": "DEC18",
          "underlyingCode": "SX5E",
          "market": "EURO STOXX"
        }
      },
      {
        "legRatio": 1,
        "optionProperties": {
          "refPrice": 160,
          "expiryCode": "DEC18",
          "underlyingCode": "SX5E",
          "market": "EURO STOXX"
        }
      },
      {
        "legRatio": 0.2,
        "futureProperties": {
          "refPrice": 160,
          "expiryCode": "JUN18",
          "underlyingCode": "SX5E",
          "market": "EURO STOXX"
        }
      }
    ]
  },

  "tradingVenueMIC": "XEUR"
}


