{
  "$id": "http://p4web/DistributedDevelopment/BGC2/DataPlant/DomainModel/trunk/src/main/resources/schema/tradableInstrument.schema.json",
  "$schema": "http://json-schema.org/draft-04/schema#",
  "title": "Tradable Instrument Definition",
  "description": "Definition of an instrument that is tradable on a particular front office platform",
  "type": "object",
  "properties": {
    "tradableInstrumentId": {
      "type": "object",
      "properties": {
         "sourceSystem": {
         "enum":[  
            "FenicsGO"
         ]
        },
        "tradingSystemId": {
          "type": "number"
        },
        "symbol" : { 
          "type" : "string" 
        },
        "symbolType" : { 
          "enum": ["ISIN", "CUSIP", "SECID", "LONG_NAME", "SHORT_NAME", "CFID", "LMID"]
        },
        "venueType" : { 
          "enum": ["CLOB", "AUCTION", "RFQ", "ANY"]
        },
        "regulatoryRegime" : {
          "enum": ["NONE", "SEF", "MTF", "OTF", "BILATERAL"]
        },
        "executionStyle" : {
          "enum": ["ELECTRONIC", "DISCRETIONARY"]
        },
        "isBlock": { "type": "boolean"}
      },
      "required": [
        "sourceSystem",
        "symbol",
        "symbolType",
        "venueType",
        "regulatoryRegime"
      ],
      "additionalProperties": true
    },
    "instrumentType" : { 
      "enum": ["modelled", "smartLabel", "dumbLabel"]
    },
    "labelManagerInstrumentId": {
      "type": "string"
    },
    "screenLabel": {
      "type": "string"
    },
    "instrumentCurrency": {
      "type": "string",
      "minLength": 3,
      "maxLength": 3
    },
    "instrumentLites": {
	  "type": "array", 
      "items":  {
        "type": "object",
        "properties": {
          "instrumentLiteId": {
            "type": "integer"
          },
          "instrumentLiteIdVersion": {
            "type": "integer"
          },		
          "instrumentIdentificationCode": {
            "_comment": "ISIN if known (e.g. outright instrument)",
            "type": "string",
            "minLength": 12,
            "maxLength": 12
          },
          "instrumentFullName": {
            "type": "string"
          },
          "CFICode": {
            "type": "string",
            "minLength": 6,
            "maxLength": 6
          },
          "OTCDId": {
            "type": "string"
          },
          "instrumentClassification": {
            "type": "object",
            "properties": {
            }

          },
          "commoditiesEmissionsAllowanceDerivativeIndicator": {
            "type": "boolean"
          },
          "instrumentDetail": {
            "_comment": "Optional",
            "type": "object",
            "properties": {
              "derivatives": {
                "_comment": "#Derivatives and securitised derivatives",
                "type": "object",
                "properties": {			
                  "expiryDate": {
                    "type": "string",
                    "format": "date-time",
                    "_comment": "#query univista have this????"
                  },
                  "tenor": {
                    "type": "string",
                    "_comment": "# xxxDAYS, xxxWEEK, xxxMNTH, xxxYEAR"
                  },
                  "exchangeSymbol": {
                    "type": "string"
                  },
                  "underlyingInformation": {
                    "type": "array",
                    "items": {
                      "type": "object",
                      "properties": {
                        "underlyingInstrumentCode": {
                          "type": "string",
                          "_comment": "#query univista have this????"
                        },
                        "underlyingIssuerLEI": {
                          "type": "string"
                        },
                        "underlyingIndex": {
                          "enum": [
                            "35X3I",
                            "35X5I",
                            "AEX INDEX",
                            "ATX AUSTRIAN TRADED EUR",
                            "ATX FIVE EUR",
                            "B3L",
                            "B3S",
                            "B5L",
                            "B5S",
                            "BEL 20",
                            "BIST 30 INDEX",
                            "CAC 40",
                            "CECE COMPOSITE EUR",
                            "DAXL5",
                            "DAXS5",
                            "DEUTSCHE BORSE DAX INDEX",
                            "DIVDAX PR",
                            "DJIA",
                            "DXL10",
                            "DXS10",
                            "ESTX 50 PR INDEX",
                            "ESTX AUTOM.+PARTS PR.EUR",
                            "ESTX BANKS PR.EUR",
                            "ESTX BASIC RESOURC.PR.EUR",
                            "ESTX CHEMICAL PR.EUR",
                            "ESTX CONSTR.+MATER.PR.EUR",
                            "ESTX EX FIN 50 PR EUR",
                            "ESTX FIN.SERVICES PR.EUR",
                            "ESTX FOOD+BEVERAGE PR.EUR",
                            "ESTX HEALTH CARE PR.EUR",
                            "ESTX IND.GOODS+SER.PR.EUR",
                            "ESTX INSURANCE PR.EUR",
                            "ESTX LARGE PR.EUR",
                            "ESTX MEDIA PR.EUR",
                            "ESTX MID PR.EUR",
                            "ESTX OIL + GAS PR.EUR",
                            "ESTX P.H.GD. PR.EUR",
                            "ESTX PR.EUR",
                            "ESTX REAL EST.PR.EUR",
                            "ESTX RETAIL PR.EUR",
                            "ESTX SEL.DIV.30 PR.EUR",
                            "ESTX SMALL PR.EUR",
                            "ESTX TECHNOLOGY PR.EUR",
                            "ESTX TELECOMMNICA.PR.EUR",
                            "ESTX TR. + LS PR.EUR",
                            "ESTX UTILITY PR.EUR",
                            "FTSE 100 Declared Dividend Index",
                            "FTSE 100 Dividend Index - RDSA Withholding",
                            "FTSE 100 Equally Weighted Total Return Index (GBP)",
                            "FTSE 100 INDEX",
                            "FTSE 250 Index",
                            "FTSE EPRA/NAREIT D",
                            "FTSE EPRA/NAREIT E",
                            "FTSE MIB IDX",
                            "FTSE RUSSIA IOB INDEX",
                            "FTSE UK LARGE CAP SUPER LIQUID INDEX",
                            "FTSE UK Mid Cap Tradable Plus Total Return Index (GBP)",
                            "FTSE/ATHEX LARGE CAP",
                            "I35X3",
                            "I35X5",
                            "I3L",
                            "I3S",
                            "I5L",
                            "I5S",
                            "IBEX 35 BANCOS",
                            "IBEX 35 ENERGIA",
                            "IBEX 35",
                            "IBXGX",
                            "IBXUX",
                            "KOSPI 200",
                            "MDAX PERFORMANCE-INDEX",
                            "MSCI AC Asia ex Japan Net Total Return Index (USD)",
                            "MSCI AC Asia Pacific ex Japan Net Total Return Index (USD)",
                            "MSCI AC Far East ex Japan Net Total Return Index (USD)",
                            "MSCI ACWI NR.USD",
                            "MSCI AUSTRALIA IND.NR.USD",
                            "MSCI Brazil Net Total Return Index (USD)",
                            "MSCI CANADA GR USD",
                            "MSCI CHILE NR USD",
                            "MSCI CHINA FREE NR USD",
                            "MSCI COLOMBIA NR USD",
                            "MSCI DAILY WORLD NR EUR",
                            "MSCI EAFE Net Total Return Index (USD)",
                            "MSCI EGYPT NR USD",
                            "MSCI EM ASIA NR USD",
                            "MSCI EM USD",
                            "MSCI Emerging Markets (EM) Latin America Net Total Return Index (USD)",
                            "MSCI Emerging Markets EMEA Net Total Return Index (USD)",
                            "MSCI Emerging Markets Net Total Return Index (EUR)",
                            "MSCI Emerging Markets Net Total Return Index (USD)",
                            "MSCI EMU Net Total Return Index (EUR)",
                            "MSCI Europe Consumer Discretionary Net Total Return Index (EUR)",
                            "MSCI Europe Consumer Staples Net Total Return Index (EUR)",
                            "MSCI EUROPE EUR",
                            "MSCI Europe Ex UK Net Total Return Index (USD)",
                            "MSCI Europe Financials Net Total Return Index (EUR)",
                            "MSCI EUROPE GROWTH NR EUR",
                            "MSCI Europe Materials Net Total Return Index (EUR)",
                            "MSCI Europe Net Total Return Index (EUR)",
                            "MSCI Europe Net Total Return Index (USD)",
                            "MSCI EUROPE VALUE NR EUR",
                            "MSCI HONG KONG IND.NR.USD",
                            "MSCI India Net Total Return Index (USD)",
                            "MSCI INDONESIA IND.NR.USD",
                            "MSCI INTERNATIONAL EM NET INDEX USD",
                            "MSCI Japan Net Total Return Index (USD)",
                            "MSCI KOKUSAI Net Total Return Index (JPY)",
                            "MSCI MALAYSIA NET USD",
                            "MSCI Mexico Net Total Return Index (USD)",
                            "MSCI N.AMERIC. NET USD",
                            "MSCI NEW ZEALAND NR.USD",
                            "MSCI Pacific ex Japan Net Total Return Index (USD)",
                            "MSCI PACIFIC NET USD",
                            "MSCI PHILIPPINES NR USD",
                            "MSCI POLAND NR USD",
                            "MSCI QATAR NR.USD",
                            "MSCI RUSSIA NR USD",
                            "MSCI RUSSIA",
                            "MSCI SOUTH AFRICA NR USD",
                            "MSCI Switzerland Net Total Return Index (CHF)",
                            "MSCI THAILAND NR USD",
                            "MSCI UAE IND.NR.USD",
                            "MSCI UK IND.NR.GBP",
                            "MSCI UK NR USD",
                            "MSCI USA Equal Weighted Net Total Return Index (USD)",
                            "MSCI USA MOM.HI.EXP.NR DL",
                            "MSCI USA Net Total Return Index (USD)",
                            "MSCI USA QUA.HI.EX NR DL",
                            "MSCI USA VAL.WEI.CA.EX.NR",
                            "MSCI World Consumer Discretionary Net Total Return Index (USD)",
                            "MSCI World Consumer Staples Net Total Return Index (USD)",
                            "MSCI World Energy Net Total Return Index (USD)",
                            "MSCI World Financials Net Total Return Index (USD)",
                            "MSCI World Health Care Net Total Return Index (USD)",
                            "MSCI World Industrials Net Total Return Index (USD)",
                            "MSCI World Information Technology Net Total Return Index (USD)",
                            "MSCI World Materials Net Total Return Index (USD)",
                            "MSCI WORLD MIDCAP NR.USD",
                            "MSCI World Minimum Volatility Net Total Return Index (USD)",
                            "MSCI World Net Total Return Index (EUR)",
                            "MSCI World Net Total Return Index (USD)",
                            "MSCI WORLD PR USD",
                            "MSCI World Real Estate Net Total Return Index (USD)",
                            "MSCI World Telecom Services Net Total Return Index (USD)",
                            "MSCI World Utilities Net Total Return Index (USD)",
                            "MWIG40",
                            "N225",
                            "NDX1",
                            "NIKKEI 225 INDEX",
                            "OBX TOTAL RETURN INDEX",
                            "OMX COPENHAGEN 20CAP",
                            "OMX OSLO 20",
                            "OMX STOCKHOLM 30",
                            "OMX STOCKHOLM BENCHMARK GI",
                            "OMX-HELSINKI 25",
                            "OSLO BORS OBX OIL SERVICE INDEX",
                            "OTHER",
                            "PSI 20",
                            "RDX RUSS.DEPOSITARY DL",
                            "RDX RUSS.DEPOSITARY EUR",
                            "S&P 500 INDEX",
                            "S3L",
                            "S3S",
                            "S5L",
                            "S5S",
                            "SLA6K",
                            "SLA6L",
                            "SLA6M",
                            "SLA6N",
                            "SMI PR CHF",
                            "ST5L5",
                            "ST5L8",
                            "ST5S5",
                            "ST5S8",
                            "STX GL.SE.DI.100.PR EUR",
                            "STXE 50 PR.EUR",
                            "STXE 600 AUT+PRT PR.EUR",
                            "STXE 600 BANKS PR.EUR",
                            "STXE 600 BASIC RES.PR.EUR",
                            "STXE 600 CHEMICALS PR.EUR",
                            "STXE 600 CONSTR.+M.PR.EUR",
                            "STXE 600 FIN.SER.PR EUR",
                            "STXE 600 FOOD+BEV.PR.EUR",
                            "STXE 600 HEALTH C.PR.EUR",
                            "STXE 600 IND. G+S PR.EUR",
                            "STXE 600 INSURANCE PR.EUR",
                            "STXE 600 MEDIA PR.EUR",
                            "STXE 600 OIL+GAS PR.EUR",
                            "STXE 600 P.H.GD. PR.EUR",
                            "STXE 600 PR.EUR",
                            "STXE 600 RETAIL PR.EUR",
                            "STXE 600 TECH PR EUR",
                            "STXE 600 TELECOM.PR.EUR",
                            "STXE 600 TR.+ LS. PR.EUR",
                            "STXE 600 UTILITIES PR.EUR",
                            "STXE LARGE 200 PR.EUR",
                            "STXE MID 200 PR.EUR",
                            "STXE SMALL 200 PR.EUR",
                            "STXE600 REAL.EST. PR EUR",
                            "SWISS LEADER PR CHF",
                            "SWISS MARK.MID CAPS PR SF",
                            "T3L",
                            "T3S",
                            "T5L",
                            "T5S",
                            "TECDAX TR",
                            "THE SHARE INDEX OF THE BUDAPEST STOCK EXCHANGE CO. LTD. (BUX)",
                            "TSE CAPITAL WEIGHT.ST.",
                            "WIG20"
                          ]
                        },
                        "underlyingIndexTerm": {
                          "type": "string",
                          "_comment": "# XXXDAYS, XXXWEEK, XXXMNTH, xxxYEAR"
                        },
                        "underlyingCreditIndexSeries": {
                          "title": "Underlying Credit Index Series",
                          "description": "The series identifier of a credit default swap index",
                          "type": "integer",
                          "minimum": 1,
                          "maximum": 999
                        },
                        "underlyingCreditIndexVersion": {
                          "title": "Underlying Credit Index Version",
                          "description": "The version of a credit default swap index annex",
                          "type": "integer",
                          "minimum": 1,
                          "maximum": 999
                        },
                        "underlyingMaturityDate": {
                          "title": "Maturity of underlying bond",
                          "type": "string",
                          "format": "date-time"
                        },
                        "underlyingIssueDate": {
                          "title": "Issuance date of underlying bond",
                          "type": "string",
                          "format": "date-time"
                        }
                      }
                    }
                  },
                  "optionType": {
                    "enum": [
                      "PUTO",
                      "CALL",
                      "OTHR"
                    ]
                  },
                  "strikePrice": {
                    "type": "string"
                  },
                  "strikePriceCurrency": {
                    "type": "string",
                    "minLength": 3,
                    "maxLength": 3
                  },
                  "optionExerciseStyle": {
                    "enum": [
                      "EURO",
                      "AMER",
                      "BERM",
                      "OTHR"
                    ]
                  },
                  "deliveryType": {
                    "enum": [
                      "PHYS",
                      "CASH",
                      "OPTL"
                    ]
                  }
                }
              }
            }
          },
          "multiLegStructure": {
            "_comment": "#Made up to attempt to model packages/multileg",
            "type": "array",
            "items": {
              "type": "object",
              "properties": {
                "legInstrumentLiteId": {
                  "type": "integer"
                },
                "multiLegBuyerIs": {
                  "enum": [
                    "Buying",
                    "Selling"
                  ]
                },
                "isPricingLeg": {
                  "type": "boolean"
                },
                "isPackageLeg": {
                  "type": "boolean"
                },
                "isLeanOnLeg": {
                  "type": "boolean"
                }
              }
            }
          },

          "liquidityMeasures": {
            "type": "object",
            "properties": {
              "subjectToTradingObligation": {
                "type": "boolean"
              },
              "subjectToClearingObligation": {
                "type": "boolean"
              },
              "liquidityStatus": {
                "_comment": "#NOT in Univista!",
                "enum": [
                  "NA",
                  "Liquid",
                  "Illiquid"
                ],
                "default": "NA"
              },
              "deferralLiquidityStatus": {
                "_comment": "package level only",
                "enum": [
                  "NA",
                  "Liquid",
                  "Illiquid"
                ],
                "default": "NA"
              },
              "convCurrency": {
                "_comment": "Conversion currency",
                "type": "string"
              },
              "convRate": {
                "_comment": "Euro FX Rate for Notional Currency",
                "type": "number"
              },
              "largeInSizeThresholdPreTradeEUR": {
                "_comment": "From ESMA in Euros",
                "type": "number"
              },
              "largeInSizeThresholdPreTradeConv": {
                "_comment": "From ESMA - Converted into Notional currency",
                "type": "number"
              },
              "largeInSizeThresholdPostTradeEUR": {
                "_comment": "From ESMA in Euros",
                "type": "number"
              },
              "largeInSizeThresholdPostTradeConv": {
                "_comment": "From ESMA - Converted into Notional Currency",
                "type": "number"
              },
              "SSTIThresholdPreTradeEUR": {
                "_comment": "From ESMA in Euros",
                "type": "number"
              },
              "SSTIThresholdPreTradeConv": {
                "_comment": "From ESMA - Converted into Notional Currency",
                "type": "number"
              },
              "SSTIThresholdPostTradeEUR": {
                "_comment": "From ESMA in Euros",
                "type": "number"
              },
              "SSTIThresholdPostTradeConv": {
                "_comment": "From ESMA - Converted into Notional Currency",
                "type": "number"
              }
            }
          }
        },
        "required": [
          "instrumentLiteId",
          "instrumentIdentificationCode",
          "instrumentLiteIdVersion",
          "instrumentFullName",
          "CFICode",
          "instrumentClassification",
          "commoditiesEmissionsAllowanceDerivativeIndicator",
          "liquidityMeasures"
        ],
        "additionalProperties": true
      }
    },
    "middleOfficeProperties": {
      "type": "object",
      "properties": {
        "strategy": {
          "description": "Indicates the strategy in more fidelity than can be determined from the CFICodes in the instrumentLites array",
          "enum": [
            "Outright",
            "Switch",
            "Spread",
            "Bond Basis",
            "Butterfly",
            "Spread Switch",
            "Straddle",
            "Strangle",
            "Risk Reversal",
            "Currency Spread",
            "IRS Bond Hedge",
            "IRS Futures Hedge",
            "IRS Futures Hedge Spread",
            "Swap",
            "CapFloor Straddle",
            "CapFloor Outright",
            "CapFloor Collar",
            "2-Swap Basis Outright",
            "2-Swap Basis Spread",
            "2-Swap Basis Butterfly",
            "Clearing Switches Outright",
            "Clearing Switches Spread",
            "Clearing Switches Butterfly",	
            "Collar",
            "Swaption Outright",
            "Swaption Straddle",
            "Swaption Receivers vs Straddle",
            "Swaption Payers vs Straddle",
            "Swaption Strangle vs Straddle",
            "Call",
            "Put",
            "Call Spread",
            "Put Spread",
            "Call Calendar",
            "Put Calendar",
            "Risky",
            "Call Fly",
            "Put Fly",
            "Synthetic",
            "Straddle Spread",
            "Jelly Roll",
            "Call Ratio Spread",
            "Put Ratio Spread",
            "Call Calendar Ratio",
            "Put Calendar Ratio",
            "Ratio Risky",
            "Call Diagonal Calendar",
            "Put Diagonal Calendar",
            "Call Spread v Put",
            "Put Spread v Call",
            "Risky Time Spread",
            "Box Spread",
            "Call Ladder",
            "Put Ladder",
            "Call Condor",
            "Put Condor",
            "Iron Condor",
            "Put Spread v Put",
            "Call Calendar Fly",
            "Put Calendar Fly",
            "Risky Swap",
            "Call Spread Swap",
            "Put Spread Swap",
            "Straddle Fly",
            "Call Spread v Call",
            "Strangle Spread",
            "Straddle v Strangle",
            "Call Spread v Put Spread",
            "Iron Fly",
            "Roll"
          ]
        },
        "strategyCode": {"type": "string"},
        "middleOfficeDestinationRouting": {
          "description": "The primary destination for this Trade Stub",
          "type": "object",
          "properties": {
            "middleOfficeDestination": {
              "description": "Possible Middle Office destinations",
              "enum": [
                "NuMO"
              ]
            },
            "businessId": {"type": "integer"}
          }
        },
        "middleOfficeInstrumentLiteDetails": {
          "type": "array",
          "description": "Array of additional properties for Middle Office, the order of this array must match the instrumentLites array so which instrumentLite leg the properties belong to can be determined.",
          "items": {
            "type": "object",
            "properties": {
              "legRatio": {
                "description": "Leg ratio for the strategy, positive = buyer buy, negative = buyer sell",
                "type": "number"
              },
              "optionProperties": {
                "description": "Option related properties Properties",
                "type": "object",
                "properties": {
                  "delta": {
                    "description": "Leg delta value (net delta if on strategy leg)",
                    "type": "number"
                  },
                  "refPrice": {
                    "description": "Leg reference price",
                    "type": "number"
                  },
                  "expiryCode": {
                    "description": "Expiry code, i.e. the expiry date formated into code form: MMMYY or DDMMMYY",
                     "type": "string",
                     "pattern": "^(0[1-9]|[12][0123456789]|3[01])?(JAN|FEB|MAR|APR|MAY|JUN|JUL|AUG|SEP|OCT|NOV|DEC{1})([0-9]{2})$"
                  },
                  "underlyingCode": {
                    "description": "e.g. SX5E",
                    "type": "string"
                  },
                  "market": {
                    "description": "e.g. EURO STOXX",
                    "type": "string"
                  }
                }
              },
              "futureProperties": {
                "description": "Option related properties Properties",
                "type": "object",
                "properties": {
                  "delta": {
                    "description": "Leg delta value (net delta if on strategy leg)",
                    "type": "number"
                  },
                  "refPrice": {
                    "description": "Leg reference price",
                    "type": "number"
                  },
                  "expiryCode": {
                    "description": "Expiry code, i.e. the expiry date formated into code form: MMMYY or DDMMMYY",
                     "type": "string",
                     "pattern": "^(0[1-9]|[12][0123456789]|3[01])?(JAN|FEB|MAR|APR|MAY|JUN|JUL|AUG|SEP|OCT|NOV|DEC{1})([0-9]{2})$"
                  },
                  "underlyingCode": {
                    "description": "e.g. SX5E",
                    "type": "string"
                  },
                  "market": {
                    "description": "e.g. EURO STOXX",
                    "type": "string"
                  }
                }
              }
            }
          }
        }
      },
      "additionalProperties": true
    },
    "tradingVenueMIC": {
      "type": "string",
      "minLength": 4,
      "maxLength": 4
    }
  },
  "required": [
    "tradableInstrumentId",
    "instrumentType",
    "instrumentCurrency",
    "instrumentLites",
    "screenLabel",
    "middleOfficeProperties"
  ],
  "additionalProperties": true
}