{
  "$id": "http://p4web/DistributedDevelopment/BGC2/DataPlant/DomainModel/trunk/src/main/resources/schema/volumeClearingStatus.schema.json",
  "$schema": "http://json-schema.org/draft-04/schema#",
  "title": "Volume Clearing Status",
  "description": "Represents the various lifecycle statuses that a volumeClearing, VC or JTT session moves through",
  "type": "object",
  "additionalProperties": false,
  "properties": {
    "commandTime": {
      "description": "Captures timestamp of any incoming command that caused the change in state. Date and time in nanos and in UTC",
      "type": "string",
      "format": "date-time"
    },
    "processedTime": {
      "description": "State change date and time (in nanos) in UTC",
      "type": "string",
      "format": "date-time"
    },
    "tradableInstrumentId": {
      "description": "Reference to the tradable instrument, published by the platfrom, that this order relates to",
      "$ref": "http://p4web/DistributedDevelopment/BGC2/DataPlant/DomainModel/trunk/src/main/resources/schema/tradableInstrumentId.schema.json"
    },
    "volumeClearingId": {
	  "description": "A unique volumeClearing session identifier within this tradable instrument, used to link status events that relate to the same volumeClearing session",
	  "type": "string"
	},
    "origination": {
      "description": "Originator of event: e.g. Timer, UI, API, Credit engine",
      "type": "string"
    },
    "currentStatus": {
      "description": "The current state the RFQ is now in.",
      "enum": [
        "start",
        "priorityBuyer",
        "prioritySeller",
        "priorityBuyerAndSeller",
        "noPriority",
        "errored",
        "ended"
      ]
    }
  },
  "required": [
    "processedTime",
    "tradableInstrumentId",
    "volumeClearingId",
    "currentStatus"
  ]
}
