{
  "tradableInstrumentId": {
    "sourceSystem": "FenicsGO",
    "tradingSystemId": 263,
    "symbol": "SX5E CC DEC18/DEC19 100/100 10%",
    "symbolType": "SHORT_NAME",
    "venueType": "ANY",
    "regulatoryRegime": "NONE",
    "executionStyle": "ELECTRONIC"
  },
  "instrumentType": "modelled",
  "screenLabel": "SX5E DEC18/DEC19 100/100 Call Calendar 10% Delta",
  "instrumentCurrency": "EUR",
  "instrumentLites": [
    {
      "instrumentLiteId": 1,
      "instrumentIdentificationCode": "            ",
      "instrumentFullName": "SX5E CC DEC18/DEC19 100/100 10%",
      "instrumentLiteIdVersion": 1,
      "CFICode": "KEXXXX",
      "instrumentClassification": { },
      "commoditiesEmissionsAllowanceDerivativeIndicator": false,
      "liquidityMeasures": { },
      "multiLegStructure": [
        { "multiLegBuyerIs": "Selling" },
        { "multiLegBuyerIs": "Buying" },
        { "multiLegBuyerIs": "Selling" }
      ]
    },
    {
      "instrumentLiteId": 2,
      "instrumentIdentificationCode": "            ",
      "instrumentFullName": "SX5E CALL DEC18 100",
      "instrumentLiteIdVersion": 1,
      "CFICode": "OCEICS",
      "instrumentClassification": { },
      "commoditiesEmissionsAllowanceDerivativeIndicator": false,
      "liquidityMeasures": { },
      "instrumentDetail": {
        "derivatives": {
          "expiryDate": "2018-12-21T00:00:00+00:00",
          "underlyingInformation": [ { "underlyingInstrumentCode": "STXEM8" } ],
          "optionType": "CALL",
          "strikePrice": "100",
          "optionExerciseStyle": "EURO",
          "deliveryType": "CASH"
        }
      }
    },
    {
      "instrumentLiteId": 3,
      "instrumentIdentificationCode": "            ",
      "instrumentFullName": "SX5E CALL DEC19 100",
      "instrumentLiteIdVersion": 1,
      "CFICode": "OCEICS",
      "instrumentClassification": { },
      "commoditiesEmissionsAllowanceDerivativeIndicator": false,
      "liquidityMeasures": { },
      "instrumentDetail": {
        "derivatives": {
          "expiryDate": "2019-12-20T00:00:00+00:00",
          "underlyingInformation": [ { "underlyingInstrumentCode": "STXEM8" } ],
          "optionType": "CALL",
          "strikePrice": "100",
          "optionExerciseStyle": "EURO",
          "deliveryType": "CASH"
        }
      }
    },
    {
      "instrumentLiteId": 4,
      "instrumentIdentificationCode": "            ",
      "instrumentFullName": "STXEM8",
      "instrumentLiteIdVersion": 1,
      "CFICode": "FFICSX",
      "instrumentClassification": { },
      "commoditiesEmissionsAllowanceDerivativeIndicator": false,
      "liquidityMeasures": { },
      "instrumentDetail": {
        "derivatives": {
          "expiryDate": "2018-06-15T00:00:00+00:00",
          "underlyingInformation": [ { "underlyingInstrumentCode": "STXEM8" } ],
          "deliveryType": "CASH"
        }
      }
    }
  ],
  "middleOfficeProperties": {
    "strategy": "Call Calendar",
    "strategyCode": "CC",
    "middleOfficeDestinationRouting": {
      "destination": "NuMO",
      "businessId": 263
    },
    "middleOfficeInstrumentLiteDetails": [
      {
        "optionProperties": {
          "delta": 10,
          "underlyingCode": "SX5E",
          "market": "Euro STOXX"
        }
      },
      {
        "legRatio": 1,
        "optionProperties": {
          "expiryCode": "DEC19",
          "underlyingCode": "SX5E",
          "market": "Euro STOXX",
          "refPrice": 100
        }
      },
      {
        "legRatio": 1,
        "optionProperties": {
          "expiryCode": "DEC19",
          "underlyingCode": "SX5E",
          "market": "Euro STOXX",
          "refPrice": 100
        }
      },
      {
        "legRatio": 0.1,
        "futureProperties": {
          "refPrice": 100,
          "expiryCode": "JUN18",
          "underlyingCode": "SX5E",
          "market": "Euro STOXX"
        }
      }
    ]
  },
  "tradingVenueMIC": "XEUR"
}

